INSERT INTO Osoba(jmbg, ime, prezime, adresa, telefon) VALUES
('2803912710935', 'Slavica', 'Cvetic', 'Sumarska 64', '011245659'),
('0909979715668', 'Iva', 'Stankovic', 'Ive Andrica 82', '011678364'),
('0203931710435', 'Sara', 'Andric', 'Mihajla Pupina 82', '011399264'),
('2209998715599', 'Ivanka', 'Mirkovic', 'Dobracina 148', '011517376'),
('1501992710624', 'Aleksandar', 'Popovic', 'Ive Andrica 19', '011381845'),
('1009939715880', 'Marija', 'Aleksandrovic', 'Simina 7', '011733517'),
('0604932715687', 'Petar', 'Srcic', 'General Zdanova 59', '011463200'),
('1010986710587', 'Dusica', 'Petrovic', 'Takovska 78', '011114668'),
('1902924710727', 'Svetislav', 'Andric', 'Jurija Gagarina 113', '011222682'),
('0607930715515', 'Dragana', 'Aleksandrovic', 'Dobracina 193', '011919946'),
('1903926710200', 'Iva', 'Sretenovic', 'Sumarska 167', '011688933'),
('1204908715176', 'Slavica', 'Andric', 'Save Kovacevica 118', '011820467'),
('2112991715811', 'Divna', 'Cvetic', 'Ruska 111', '011610293'),
('1201956710129', 'Aleksandra', 'Petrovic', 'Save Kovacevica 66', '011672193'),
('0706975710356', 'Ivanka', 'Slavkovic', 'Bulevar kralja Aleksandra 41', '011798621'),
('1407971715531', 'Iva', 'Slavkovic', 'Takovska 148', '011645993'),
('3009989710326', 'Sara', 'Ivancic', 'Milesevska 160', '011301050'),
('0909949715372', 'Divna', 'Leptiric', 'Ruska 155', '011978369'),
('1809931715788', 'Svetlana', 'Petrovic', 'Takovska 94', '011983606'),
('0310903715142', 'Milos', 'Andric', 'Save Kovacevica 48', '011680522'),
('0208956710116', 'Marko', 'Popovic', 'Takovska 94', '011682608'),
('1801939715127', 'Marta', 'Mirkovic', 'Galilejeva 110', '011692808'),
('1511940710536', 'Aleksandar', 'Stankovic', 'Vencacka 62', '011354854'),
('1806905710351', 'Stefan', 'Popovic', 'Pariske komune 102', '011919492'),
('1811988715623', 'Sofija', 'Petrovic', 'Vatroslava Jagica 136', '011266963'),
('2706930715964', 'Stefan', 'Aleksandrovic', 'Mihajla Pupina 93', '011158796'),
('3103950710596', 'Filip', 'Dragosevic', 'Dobracina 81', '011348243'),
('2710964715606', 'Filip', 'Petrovic', 'General Zdanova 16', '011663761'),
('0807904710514', 'Divna', 'Ivkovic', 'Mihajla Pupina 28', '011005445'),
('0907918715164', 'Svetlana', 'Ivanic', 'Simina 191', '011372227'),
('0709976710562', 'Stefan', 'Jankovic', 'Galilejeva 192', '011065383'),
('0906972715146', 'Petar', 'Andric', 'Vatroslava Jagica 31', '011306379'),
('2209975710953', 'Dusica', 'Ivkovic', 'Takovska 187', '011439325'),
('1006965710416', 'Dusica', 'Jastrebic', 'Vatroslava Jagica 138', '011361739'),
('1608926710818', 'Milica', 'Sretenovic', 'Mihajla Pupina 57', '011748816'),
('0609972710776', 'Svetislav', 'Dragosevic', 'Vencacka 123', '011056433'),
('1906917710742', 'Iva', 'Popovic', 'Takovska 188', '011233278'),
('1610923710956', 'Iva', 'Mirkovic', 'Vojvode Stepe 6', '011021448'),
('2910978715648', 'Dusica', 'Petrovic', 'Simina 68', '011191498'),
('2204956710865', 'Stefan', 'Petrovic', 'Pariske komune 122', '011535236'),
('1205965715986', 'Marta', 'Ivanic', 'Jurija Gagarina 71', '011708527'),
('2508978715333', 'Andrija', 'Ognjenovic', 'Vencacka 47', '011884868'),
('2204955710200', 'Petar', 'Ivkovic', 'Milesevska 82', '011048323'),
('1704944715223', 'Andrija', 'Stankovic', 'Milesevska 141', '011103052'),
('1901987715126', 'Jana', 'Andric', 'Sumarska 60', '011462718'),
('3111950715983', 'Sofija', 'Srcic', 'Jurija Gagarina 162', '011258408'),
('1505926715109', 'Milica', 'Popovic', 'General Zdanova 188', '011995717'),
('0204993715786', 'Sara', 'Ognjenovic', 'Galilejeva 180', '011218721'),
('0103996710750', 'Jana', 'Ivanic', 'Vojvode Stepe 157', '011005435'),
('2102985710834', 'Marko', 'Petrovic', 'Simina 158', '011748401'),
('1102964715575', 'Andrija', 'Popovic', 'Ruska 100', '011597489'),
('2201996715877', 'Iva', 'Stankovic', 'Vojvode Stepe 60', '011189777'),
('1803957710403', 'Stefan', 'Ivkovic', 'Sumarska 197', '011170670'),
('0211964715901', 'Marija', 'Saric', 'Takovska 71', '011016066'),
('0908956715172', 'Marko', 'Srcic', 'Bulevar kralja Aleksandra 76', '011001921'),
('3104927715378', 'Milica', 'Petrovic', 'Ive Andrica 16', '011914336'),
('0906963710570', 'Milos', 'Ivkovic', 'Mihajla Pupina 127', '011830043'),
('2810952710723', 'Filip', 'Petrovic', 'Vojvode Stepe 1', '011110635'),
('0505996715518', 'Marko', 'Jankovic', 'Vojvode Stepe 62', '011882285'),
('0401945715927', 'Sofija', 'Petrovic', 'Jurija Gagarina 18', '011071324'),
('2909983715463', 'Ivanka', 'Aleksandrovic', 'Mihajla Pupina 53', '011843593'),
('1602916710192', 'Ana', 'Jastrebic', 'Pariske komune 131', '011850538'),
('0111917715639', 'Jana', 'Leptiric', 'Vatroslava Jagica 45', '011187557'),
('2910949710133', 'Slavica', 'Aleksandrovic', 'Ruska 109', '011314902'),
('0306915710267', 'Filip', 'Petrovic', 'Save Kovacevica 191', '011434515'),
('0703929710837', 'Milos', 'Cvetic', 'Ive Andrica 44', '011883732'),
('0510921710644', 'Dragana', 'Andric', 'Dobracina 6', '011722904'),
('2408967715478', 'Ivanka', 'Petrovic', 'Dobracina 146', '011940311'),
('2305977715688', 'Aleksandra', 'Popovic', 'Takovska 108', '011659041'),
('0809967710529', 'Sara', 'Petrovic', 'Pariske komune 9', '011391005'),
('2604983715708', 'Aleksandra', 'Ivkovic', 'Save Kovacevica 167', '011063821'),
('0404990710947', 'Iva', 'Ivanic', 'Galilejeva 127', '011196113'),
('1709935715976', 'Slavica', 'Ivkovic', 'Brace Jugovic 94', '011356437'),
('0210991715825', 'Marija', 'Popovic', 'Brace Jugovic 114', '011697968'),
('0803957710382', 'Petar', 'Sretenovic', 'Vencacka 55', '011585947'),
('0802974710418', 'Ana', 'Srcic', 'Sumarska 94', '011240645'),
('1106967715855', 'Ivanka', 'Sretenovic', 'Vencacka 120', '011459920'),
('1012935715667', 'Sofija', 'Ivkovic', 'Takovska 168', '011808300'),
('3103931715782', 'Ana', 'Dragosevic', 'Mihajla Pupina 56', '011096908'),
('0102990710679', 'Svetislav', 'Ivanic', 'Bulevar kralja Aleksandra 157', '011647414'),
('1509935715370', 'Sofija', 'Srcic', 'Simina 56', '011372315'),
('1510998715825', 'Iva', 'Cvetic', 'Ive Andrica 152', '011814375'),
('0402981710643', 'Andrija', 'Andric', 'Vojvode Stepe 48', '011508986'),
('0103933715537', 'Marija', 'Sretenovic', 'Simina 190', '011377616'),
('1002945715691', 'Ivanka', 'Slavkovic', 'Takovska 104', '011275121'),
('0107986710381', 'Aleksandar', 'Petrovic', 'Sumarska 49', '011675486'),
('2504931715433', 'Jovana', 'Leptiric', 'Jurija Gagarina 61', '011433023'),
('0201992710386', 'Milica', 'Markovic', 'Pariske komune 55', '011425566'),
('2106917715774', 'Dusica', 'Ivkovic', 'Takovska 185', '011105256'),
('1307979715256', 'Aleksandra', 'Sretenovic', 'Brace Jugovic 199', '011058197'),
('2107979715774', 'Dusica', 'Petrovic', 'Dobracina 78', '011512416'),
('2707965710321', 'Divna', 'Stankovic', 'Save Kovacevica 156', '011922147'),
('1305928710478', 'Sofija', 'Cvetic', 'Simina 31', '011827765'),
('2101923710225', 'Slavica', 'Dragosevic', 'Vencacka 32', '011976889'),
('2306940715220', 'Ivanka', 'Jastrebic', 'Milesevska 185', '011333530'),
('1406953715116', 'Svetislav', 'Jastrebic', 'Takovska 126', '011680434'),
('1004989715407', 'Andrija', 'Leptiric', 'Save Kovacevica 120', '011221109'),
('2103913715641', 'Aleksandar', 'Dragosevic', 'Brace Jugovic 115', '011570700'),
('0409986710746', 'Iva', 'Ognjenovic', 'Bulevar kralja Aleksandra 146', '011626830'),
('2801987715868', 'Filip', 'Stankovic', 'Milesevska 164', '011733415'),
('2405971710240', 'Jana', 'Dragosevic', 'General Zdanova 12', '011993759'),
('0112925710401', 'Slavica', 'Leptiric', 'Simina 144', '011467727'),
('2606948710995', 'Jana', 'Jankovic', 'Jurija Gagarina 150', '011649491'),
('1208957710224', 'Milica', 'Markovic', 'Vencacka 57', '011444401'),
('3109929715972', 'Milos', 'Sretenovic', 'Milesevska 9', '011506563'),
('0301919710235', 'Iva', 'Markovic', 'Ruska 31', '011628035'),
('0309982710214', 'Divna', 'Mirkovic', 'Takovska 88', '011407681'),
('0207943715307', 'Dusica', 'Cvetic', 'Vatroslava Jagica 149', '011586954'),
('1506984715908', 'Dragana', 'Ivancic', 'Sumarska 119', '011287276'),
('0307956710724', 'Petar', 'Ivancic', 'Save Kovacevica 57', '011409423'),
('0409902715351', 'Slavica', 'Sretenovic', 'Vojvode Stepe 194', '011919544'),
('1201919710355', 'Svetlana', 'Sretenovic', 'Jurija Gagarina 130', '011125413'),
('0206979715594', 'Aleksandra', 'Markovic', 'Ive Andrica 10', '011678151'),
('0108957715872', 'Filip', 'Cvetic', 'Galilejeva 182', '011655235'),
('2710993715552', 'Dusica', 'Saric', 'Milesevska 109', '011517122'),
('2602937710219', 'Jovana', 'Ivkovic', 'Simina 69', '011026340'),
('1405963710170', 'Ivana', 'Leptiric', 'Brace Jugovic 2', '011108537'),
('0501907715586', 'Svetislav', 'Saric', 'Bulevar kralja Aleksandra 182', '011064637'),
('1210925710164', 'Marija', 'Jastrebic', 'Vatroslava Jagica 60', '011848935'),
('1910999710828', 'Jovana', 'Petrovic', 'Vencacka 162', '011727257'),
('1304957710179', 'Slavica', 'Jastrebic', 'Bulevar kralja Aleksandra 34', '011690871'),
('0308990715654', 'Filip', 'Markovic', 'Galilejeva 172', '011906763'),
('2904958715489', 'Filip', 'Ivanic', 'General Zdanova 8', '011285093'),
('1612976715973', 'Dragana', 'Dragosevic', 'Milesevska 198', '011608228'),
('1609919715687', 'Milica', 'Petrovic', 'Vojvode Stepe 164', '011925758'),
('0812906710938', 'Aleksandar', 'Srcic', 'Simina 157', '011759571'),
('0505979710694', 'Svetlana', 'Markovic', 'Vencacka 54', '011639179'),
('2911925710662', 'Andrija', 'Petrovic', 'Bulevar kralja Aleksandra 25', '011553798'),
('0711922710796', 'Aleksandra', 'Jastrebic', 'Brace Jugovic 144', '011328463'),
('1810914715757', 'Andrija', 'Cvetic', 'Simina 172', '011724462'),
('2811988710985', 'Milica', 'Ivancic', 'Save Kovacevica 197', '011408459'),
('0301912710177', 'Aleksandar', 'Cvetic', 'General Zdanova 22', '011434106'),
('2104962715338', 'Sara', 'Cvetic', 'Ruska 124', '011083412'),
('1102943710682', 'Ana', 'Dragosevic', 'Brace Jugovic 179', '011080370'),
('0710991710146', 'Milica', 'Ivkovic', 'Milesevska 87', '011193604'),
('0311933715623', 'Ivanka', 'Petrovic', 'Sumarska 117', '011159733'),
('0804948715741', 'Dragana', 'Cvetic', 'Vatroslava Jagica 50', '011296445'),
('1910951710459', 'Svetlana', 'Ivanic', 'Pariske komune 187', '011759241'),
('2705949715222', 'Aleksandar', 'Petrovic', 'Vojvode Stepe 67', '011414999'),
('2804900710281', 'Jana', 'Popovic', 'Vatroslava Jagica 91', '011844561'),
('3012924715579', 'Aleksandar', 'Ivanic', 'Vencacka 44', '011141606'),
('0412939710173', 'Ana', 'Leptiric', 'Simina 115', '011088228'),
('2902981710241', 'Iva', 'Sretenovic', 'Vencacka 171', '011916770'),
('3103905710508', 'Petar', 'Sretenovic', 'Ruska 80', '011784183'),
('2907978715887', 'Dragana', 'Andric', 'Vencacka 59', '011747958'),
('1902958715537', 'Dragana', 'Sretenovic', 'General Zdanova 162', '011382244'),
('1008904715772', 'Jana', 'Leptiric', 'Vatroslava Jagica 94', '011493106'),
('1711914710891', 'Svetislav', 'Ivancic', 'Vatroslava Jagica 194', '011917776'),
('1508958715170', 'Sofija', 'Ivanic', 'Takovska 131', '011411507'),
('0704969715360', 'Stefan', 'Markovic', 'Brace Jugovic 148', '011617933'),
('0908933715262', 'Ivanka', 'Slavkovic', 'Ive Andrica 16', '011820910'),
('0903992710240', 'Andrija', 'Sretenovic', 'Bulevar kralja Aleksandra 20', '011136499'),
('0601938715879', 'Ivana', 'Ivkovic', 'Vatroslava Jagica 150', '011002644'),
('2312912715195', 'Divna', 'Ivancic', 'Takovska 97', '011338850'),
('0909973715727', 'Dragana', 'Petrovic', 'General Zdanova 25', '011259716'),
('2311967710428', 'Ana', 'Sretenovic', 'Takovska 152', '011472039'),
('3009989715367', 'Jana', 'Saric', 'Galilejeva 16', '011329945'),
('2712908710190', 'Aleksandar', 'Leptiric', 'Sumarska 161', '011705328'),
('0803993715514', 'Marija', 'Petrovic', 'Dobracina 124', '011657491'),
('0802930710766', 'Marko', 'Ivanic', 'Vatroslava Jagica 12', '011545174'),
('1409923715578', 'Ana', 'Aleksandrovic', 'Pariske komune 28', '011437669'),
('0811946715170', 'Ivanka', 'Aleksandrovic', 'Dobracina 37', '011878492'),
('0209908715620', 'Sara', 'Srcic', 'Dobracina 97', '011968597'),
('2703988710197', 'Dusica', 'Sretenovic', 'General Zdanova 179', '011420576'),
('2311951715610', 'Svetislav', 'Mirkovic', 'Mihajla Pupina 102', '011518033'),
('0807950715509', 'Dragana', 'Jankovic', 'Galilejeva 169', '011280965'),
('1006920715727', 'Slavica', 'Ivancic', 'Vencacka 65', '011352550'),
('1405985710807', 'Marija', 'Ivanic', 'Save Kovacevica 57', '011207309'),
('0604925715447', 'Milica', 'Aleksandrovic', 'General Zdanova 167', '011600649');

INSERT INTO Dizajner(Osoba_jmbg, pib, `naziv_firme`, `adresa_ateljea`) VALUES
('0906963710570', 19102, 'Blah', 'Pariske komune 77'),
('2810952710723', 18212, 'Kompanija', 'General Zdanova 113'),
('0505996715518', 38293, 'Fabrika', 'Milesevska 9'),
('0401945715927', 37373, 'Industrija', 'Save Kovacevica 161'),
('2909983715463', 39232, 'Sofi', 'Galilejeva 5'),
('1602916710192', 29291, 'Petra', 'Brace Jugovic 33'),
('0111917715639', 3123, 'AF', 'Simina 1'),
('2910949710133', 3292, 'KM', 'Jurija Gagarina 138'),
('0306915710267', 65545, 'ITD', 'Vatroslava Jagica 74'),
('0703929710837', 54432, 'LTD', 'Sumarska 172'),
('0510921710644', 20302, 'BELINC', 'Takovska 155'),
('2408967715478', 42342, 'BG SHPR', 'Vojvode Stepe 158'),
('2305977715688', 20111, 'Amolusso', 'Bulevar kralja Aleksandra 107');
INSERT INTO Model (Osoba_jmbg, bmi, tezina, obim, visina) VALUES
('3103950710596', ROUND(17.8042179207, 2), ROUND(45.6683362626, 2), ROUND(58.6725444711, 2), ROUND(185.039104347, 2)),
('2710964715606', ROUND(19.7107749005, 2), ROUND(54.0052599299, 2), ROUND(62.2622215193, 2), ROUND(189.296453017, 2)),
('0807904710514', ROUND(21.3580729873, 2), ROUND(63.7984209889, 2), ROUND(51.6064106272, 2), ROUND(182.452014691, 2)),
('0907918715164', ROUND(19.2999646549, 2), ROUND(56.3644397881, 2), ROUND(60.1721726741, 2), ROUND(178.529949308, 2)),
('0709976710562', ROUND(18.7497268728, 2), ROUND(49.4360444239, 2), ROUND(44.0580027366, 2), ROUND(187.746537265, 2)),
('0906972715146', ROUND(20.2287268548, 2), ROUND(50.2555697947, 2), ROUND(67.3904461132, 2), ROUND(168.864305097, 2)),
('2209975710953', ROUND(19.2453786606, 2), ROUND(50.625228415, 2), ROUND(44.1041829045, 2), ROUND(185.587360925, 2)),
('1006965710416', ROUND(21.2383359348, 2), ROUND(48.9854575348, 2), ROUND(63.0887032491, 2), ROUND(179.566641722, 2)),
('1608926710818', ROUND(21.2311779734, 2), ROUND(48.5541889138, 2), ROUND(67.7316558625, 2), ROUND(189.244514381, 2)),
('0609972710776', ROUND(21.6980745464, 2), ROUND(57.505642806, 2), ROUND(45.6007371378, 2), ROUND(172.904392282, 2)),
('1906917710742', ROUND(19.4079004654, 2), ROUND(55.7647213696, 2), ROUND(64.4966807052, 2), ROUND(180.428700122, 2)),
('1610923710956', ROUND(18.7692621007, 2), ROUND(64.7940158429, 2), ROUND(42.3535836496, 2), ROUND(186.583189549, 2)),
('2910978715648', ROUND(20.8027541241, 2), ROUND(45.1299012073, 2), ROUND(45.1790485987, 2), ROUND(173.141164344, 2)),
('2204956710865', ROUND(20.2555083676, 2), ROUND(49.722661553, 2), ROUND(49.1835728287, 2), ROUND(181.434280679, 2)),
('1205965715986', ROUND(21.8831952035, 2), ROUND(48.1140302692, 2), ROUND(50.1526702027, 2), ROUND(179.934134979, 2)),
('2508978715333', ROUND(20.4175924541, 2), ROUND(51.9572900011, 2), ROUND(63.1250627875, 2), ROUND(180.004723294, 2)),
('2204955710200', ROUND(18.3778378186, 2), ROUND(48.3829563614, 2), ROUND(60.6827718871, 2), ROUND(183.334893988, 2)),
('1704944715223', ROUND(17.6861274505, 2), ROUND(49.568452102, 2), ROUND(69.553607366, 2), ROUND(184.418453588, 2)),
('1901987715126', ROUND(19.7429024419, 2), ROUND(45.0947653069, 2), ROUND(65.4997005301, 2), ROUND(174.620209249, 2)),
('3111950715983', ROUND(20.5889748885, 2), ROUND(51.4897310606, 2), ROUND(45.4054815842, 2), ROUND(173.04768268, 2)),
('1505926715109', ROUND(17.9095557982, 2), ROUND(49.6701971965, 2), ROUND(41.1739143667, 2), ROUND(181.028296144, 2)),
('0204993715786', ROUND(18.1044078706, 2), ROUND(57.2661893258, 2), ROUND(58.9919422739, 2), ROUND(189.193128378, 2)),
('0103996710750', ROUND(21.7782534978, 2), ROUND(63.5805792206, 2), ROUND(60.7021277054, 2), ROUND(168.945236759, 2)),
('2102985710834', ROUND(21.537158889, 2), ROUND(49.6328120175, 2), ROUND(48.0630528566, 2), ROUND(172.216317442, 2)),
('1102964715575', ROUND(19.4650239248, 2), ROUND(64.0753914604, 2), ROUND(46.4678573934, 2), ROUND(185.488375457, 2)),
('2201996715877', ROUND(18.7939444399, 2), ROUND(45.7769850597, 2), ROUND(49.5303106161, 2), ROUND(178.68233327, 2)),
('1803957710403', ROUND(20.484634615, 2), ROUND(58.3019132144, 2), ROUND(61.4821700602, 2), ROUND(179.60171818, 2)),
('0211964715901', ROUND(18.2132163445, 2), ROUND(57.4163521402, 2), ROUND(45.3802817045, 2), ROUND(167.845218196, 2)),
('0908956715172', ROUND(20.3087855475, 2), ROUND(61.0019297345, 2), ROUND(53.6341130286, 2), ROUND(188.051099942, 2)),
('3104927715378', ROUND(20.3814465468, 2), ROUND(55.0477318108, 2), ROUND(40.5196725028, 2), ROUND(168.689113441, 2));
INSERT INTO `Pomocno_osoblje` (Osoba_jmbg) VALUES
('2803912710935'),
('0909979715668'),
('0203931710435'),
('2209998715599'),
('1501992710624'),
('1009939715880'),
('0604932715687'),
('1010986710587'),
('1902924710727'),
('0607930715515'),
('1903926710200'),
('1204908715176'),
('2112991715811'),
('1201956710129'),
('0706975710356'),
('1407971715531'),
('3009989710326'),
('0909949715372'),
('1809931715788'),
('0310903715142'),
('0208956710116'),
('1801939715127'),
('1511940710536'),
('1806905710351'),
('1811988715623'),
('2706930715964');
INSERT INTO Gost (Osoba_jmbg) VALUES
('0809967710529'),
('2604983715708'),
('0404990710947'),
('1709935715976'),
('0210991715825'),
('0803957710382'),
('0802974710418'),
('1106967715855'),
('1012935715667'),
('3103931715782'),
('0102990710679'),
('1509935715370'),
('1510998715825'),
('0402981710643'),
('0103933715537'),
('1002945715691'),
('0107986710381'),
('2504931715433'),
('0201992710386'),
('2106917715774'),
('1307979715256'),
('2107979715774'),
('2707965710321'),
('1305928710478'),
('2101923710225'),
('2306940715220'),
('1406953715116'),
('1004989715407'),
('2103913715641'),
('0409986710746'),
('2801987715868'),
('2405971710240'),
('0112925710401'),
('2606948710995'),
('1208957710224'),
('3109929715972'),
('0301919710235'),
('0309982710214'),
('0207943715307'),
('1506984715908'),
('0307956710724'),
('0409902715351'),
('1201919710355'),
('0206979715594'),
('0108957715872'),
('2710993715552'),
('2602937710219'),
('1405963710170'),
('0501907715586'),
('1210925710164'),
('1910999710828'),
('1304957710179'),
('0308990715654'),
('2904958715489'),
('1612976715973'),
('1609919715687'),
('0812906710938'),
('0505979710694'),
('2911925710662'),
('0711922710796'),
('1810914715757'),
('2811988710985'),
('0301912710177'),
('2104962715338'),
('1102943710682'),
('0710991710146'),
('0311933715623'),
('0804948715741'),
('1910951710459'),
('2705949715222'),
('2804900710281'),
('3012924715579'),
('0412939710173'),
('2902981710241'),
('3103905710508'),
('2907978715887'),
('1902958715537'),
('1008904715772'),
('1711914710891'),
('1508958715170'),
('0704969715360'),
('0908933715262'),
('0903992710240'),
('0601938715879'),
('2312912715195'),
('0909973715727'),
('2311967710428'),
('3009989715367'),
('2712908710190'),
('0803993715514'),
('0802930710766'),
('1409923715578'),
('0811946715170'),
('0209908715620'),
('2703988710197');
INSERT INTO Organizator (Osoba_jmbg) VALUES
('2311951715610'),
('0807950715509'),
('1006920715727'),
('1405985710807'),
('0604925715447');

INSERT INTO Kolekcija (sezona, godina, naziv, tip) VALUES
('Jesen/Zima', 2006, 'Alcanzar', 'Haute couture'),
('Prolece/Leto', 2011, 'Estrella', 'Haute couture'),
('Prolece/Leto', 2007, 'Aceituna', 'Lingerie'),
('Prolece/Leto', 2015, 'Estrella', 'Haute couture'),
('Jesen/Zima', 2015, 'Alcanzar', 'Lingerie'),
('Prolece/Leto', 2012, 'Trougao', 'Everyday'),
('Prolece/Leto', 2007, 'Youth', 'Bridal'),
('Jesen/Zima', 2008, 'Youth', 'Cocktail time'),
('Prolece/Leto', 2010, 'Youth', 'Cocktail time'),
('Jesen/Zima', 2014, 'Youth', 'Bridal'),
('Prolece/Leto', 2011, 'Nova', 'Lingerie'),
('Prolece/Leto', 2007, 'Love', 'Haute couture'),
('Prolece/Leto', 2016, 'Paris', 'Casual'),
('Jesen/Zima', 2006, 'Trougao', 'Lingerie'),
('Prolece/Leto', 2015, 'Trougao', 'Everyday'),
('Prolece/Leto', 2013, 'Paris', 'Haute couture'),
('Prolece/Leto', 2011, 'Alcanzar', 'Everyday'),
('Prolece/Leto', 2008, 'Nova', 'Lingerie'),
('Jesen/Zima', 2007, 'Smile', 'Bridal'),
('Prolece/Leto', 2009, 'Youth', 'Haute couture'),
('Jesen/Zima', 2015, 'Smile', 'Bridal'),
('Prolece/Leto', 2013, 'Alcanzar', 'Casual'),
('Prolece/Leto', 2014, 'Estrella', 'Bridal'),
('Prolece/Leto', 2013, 'Aceituna', 'Casual'),
('Jesen/Zima', 2014, 'Paris', 'Haute couture'),
('Prolece/Leto', 2008, 'Smile', 'Bridal'),
('Prolece/Leto', 2012, 'Trougao', 'Casual'),
('Jesen/Zima', 2015, 'Fun', 'Everyday'),
('Jesen/Zima', 2007, 'Aceituna', 'Everyday'),
('Jesen/Zima', 2008, 'Youth', 'Everyday');

INSERT INTO `Mesto_odrzavanja`(naziv, ptt, adresa) VALUES
('Beograd', 11000, 'Pariske komune 33'),
('Novi Sad', 21000, 'General Zdanova 93'),
('Cacak', 32000, 'Milesevska 17'),
('Kraljevo', 36000, 'Save Kovacevica 26'),
('Krusevac', 37000, 'Galilejeva 52'),
('Subotica', 24000, 'Brace Jugovic 31'),
('Sabac', 15000, 'Simina 54');

INSERT INTO Haljina(materijal, tip, duzina, Dizajner_Osoba_jmbg, Kolekcija_id) VALUES
('Merino vuna', 'Classic', ROUND(104.366885032, 2),'0906963710570',6),
('Poliester', 'Casual', ROUND(122.785307518, 2),'0906963710570',17),
('Akril', 'Classic', ROUND(187.15466166, 2),'0906963710570',26),
('Likra', 'Classic', ROUND(95.6276410905, 2),'0906963710570',7),
('Spandeks', 'Dugi rukavi', ROUND(146.591830654, 2),'0906963710570',1),
('Spandeks', 'Koktel', ROUND(106.529335845, 2),'0906963710570',10),
('Poliester', 'Dugi rukavi', ROUND(97.1246278866, 2),'0906963710570',7),
('Svila', 'Kratki rukavi', ROUND(135.720457338, 2),'0906963710570',27),
('Spandeks', 'Casual', ROUND(114.298959579, 2),'2810952710723',28),
('Vuna', 'Dekoltirana', ROUND(147.855074817, 2),'2810952710723',9),
('Svila', 'Dekoltirana', ROUND(89.4883644186, 2),'0505996715518',11),
('Akril', 'Kratki rukavi', ROUND(118.878218524, 2),'0505996715518',19),
('Merino vuna', 'Koktel', ROUND(134.155256017, 2),'0505996715518',9),
('Svila', 'Kratki rukavi', ROUND(104.180208115, 2),'0505996715518',7),
('Merino vuna', 'Koktel', ROUND(182.578853997, 2),'0505996715518',11),
('Akril', 'Dugi rukavi', ROUND(117.975395429, 2),'0505996715518',1),
('Akril', 'Kratki rukavi', ROUND(93.2929452007, 2),'0505996715518',5),
('Likra', 'Koktel', ROUND(127.500947052, 2),'0505996715518',30),
('Spandeks', 'Kratki rukavi', ROUND(89.361711432, 2),'0401945715927',11),
('Vuna', 'Koktel', ROUND(107.133870901, 2),'0401945715927',11),
('Platno', 'Koktel', ROUND(137.38953719, 2),'0401945715927',11),
('Poliester', 'Bez ledja', ROUND(104.743105778, 2),'0401945715927',6),
('Spandeks', 'Dugi rukavi', ROUND(151.961418964, 2),'0401945715927',30),
('Merino vuna', 'Casual', ROUND(96.8847934501, 2),'0401945715927',8),
('Platno', 'Dugi rukavi', ROUND(140.048764076, 2),'2909983715463',1),
('Spandeks', 'Casual', ROUND(135.426772988, 2),'2909983715463',5),
('Akril', 'Dugi rukavi', ROUND(93.3107927225, 2),'2909983715463',15),
('Akril', 'Dekoltirana', ROUND(158.961042128, 2),'1602916710192',7),
('Akril', 'Casual', ROUND(154.925933497, 2),'1602916710192',18),
('Vuna', 'Dugi rukavi', ROUND(135.529490184, 2),'1602916710192',13),
('Merino vuna', 'Kratki rukavi', ROUND(93.103705814, 2),'1602916710192',27),
('Svila', 'Classic', ROUND(172.393972689, 2),'1602916710192',13),
('Akril', 'Dugi rukavi', ROUND(171.371694825, 2),'1602916710192',20),
('Platno', 'Casual', ROUND(112.966750443, 2),'1602916710192',6),
('Platno', 'Classic', ROUND(141.094542772, 2),'1602916710192',12),
('Vuna', 'Dekoltirana', ROUND(110.815884668, 2),'1602916710192',30),
('Akril', 'Dekoltirana', ROUND(180.153631379, 2),'1602916710192',26),
('Akril', 'Dekoltirana', ROUND(80.6790832079, 2),'0111917715639',20),
('Platno', 'Dugi rukavi', ROUND(115.648368092, 2),'0111917715639',11),
('Platno', 'Dugi rukavi', ROUND(108.873679335, 2),'0111917715639',17),
('Likra', 'Casual', ROUND(174.270711211, 2),'0111917715639',5),
('Likra', 'Casual', ROUND(135.481091861, 2),'2910949710133',30),
('Likra', 'Dugi rukavi', ROUND(151.364700244, 2),'2910949710133',12),
('Spandeks', 'Koktel', ROUND(148.12945738, 2),'2910949710133',3),
('Svila', 'Koktel', ROUND(102.707358634, 2),'2910949710133',18),
('Platno', 'Casual', ROUND(160.350908126, 2),'2910949710133',10),
('Poliester', 'Bez ledja', ROUND(143.235832021, 2),'2910949710133',9),
('Poliester', 'Koktel', ROUND(92.2574495519, 2),'0306915710267',3),
('Merino vuna', 'Koktel', ROUND(141.016683718, 2),'0306915710267',19),
('Svila', 'Casual', ROUND(72.3903843163, 2),'0703929710837',13),
('Likra', 'Dugi rukavi', ROUND(82.3198292738, 2),'0703929710837',29),
('Poliester', 'Dekoltirana', ROUND(178.899128978, 2),'0510921710644',19),
('Platno', 'Dekoltirana', ROUND(76.4623833252, 2),'0510921710644',21),
('Akril', 'Kratki rukavi', ROUND(124.525034793, 2),'0510921710644',27),
('Vuna', 'Kratki rukavi', ROUND(147.954387516, 2),'0510921710644',27),
('Likra', 'Bez ledja', ROUND(101.678205074, 2),'2408967715478',12),
('Platno', 'Dugi rukavi', ROUND(178.269254717, 2),'2408967715478',12),
('Platno', 'Dugi rukavi', ROUND(162.158739098, 2),'2408967715478',4),
('Merino vuna', 'Classic', ROUND(80.2264090551, 2),'2408967715478',23),
('Merino vuna', 'Classic', ROUND(98.5587156629, 2),'2408967715478',18),
('Likra', 'Casual', ROUND(124.284324017, 2),'2408967715478',30),
('Platno', 'Dekoltirana', ROUND(138.088369482, 2),'2305977715688',25),
('Spandeks', 'Kratki rukavi', ROUND(171.403494232, 2),'2305977715688',7),
('Akril', 'Koktel', ROUND(116.289570651, 2),'2305977715688',26),
('Likra', 'Kratki rukavi', ROUND(134.711915582, 2),'2305977715688',1),
('Spandeks', 'Bez ledja', ROUND(169.320134796, 2),'2305977715688',22),
('Svila', 'Classic', ROUND(84.9999079672, 2),'2305977715688',24),
('Likra', 'Kratki rukavi', ROUND(176.148797343, 2),'2305977715688',13),
('Vuna', 'Kratki rukavi', ROUND(132.545362737, 2),'2305977715688',19),
('Platno', 'Dekoltirana', ROUND(91.1835897484, 2),'0401945715927',1),
('Spandeks', 'Dekoltirana', ROUND(126.336605781, 2),'2305977715688',2),
('Akril', 'Dekoltirana', ROUND(104.868391882, 2),'1602916710192',3),
('Spandeks', 'Classic', ROUND(160.731839724, 2),'1602916710192',4),
('Likra', 'Dugi rukavi', ROUND(90.4445489489, 2),'2909983715463',5),
('Spandeks', 'Classic', ROUND(92.9549681496, 2),'0401945715927',6),
('Akril', 'Koktel', ROUND(157.332040722, 2),'0111917715639',7),
('Vuna', 'Kratki rukavi', ROUND(147.127524944, 2),'0306915710267',8),
('Spandeks', 'Bez ledja', ROUND(95.055741345, 2),'2408967715478',9),
('Merino vuna', 'Casual', ROUND(140.714249753, 2),'2909983715463',10),
('Merino vuna', 'Kratki rukavi', ROUND(76.2412378755, 2),'1602916710192',11),
('Akril', 'Bez ledja', ROUND(161.017929978, 2),'2910949710133',12),
('Merino vuna', 'Dekoltirana', ROUND(126.035979142, 2),'2910949710133',13),
('Vuna', 'Dekoltirana', ROUND(152.891603335, 2),'2810952710723',14),
('Spandeks', 'Casual', ROUND(83.5147406274, 2),'1602916710192',15),
('Spandeks', 'Dugi rukavi', ROUND(186.718438921, 2),'2910949710133',16),
('Poliester', 'Koktel', ROUND(172.559871286, 2),'2810952710723',17),
('Spandeks', 'Dekoltirana', ROUND(172.072895152, 2),'0505996715518',18),
('Platno', 'Dekoltirana', ROUND(124.965762389, 2),'0906963710570',19),
('Poliester', 'Kratki rukavi', ROUND(142.524043834, 2),'2408967715478',20),
('Poliester', 'Koktel', ROUND(157.343641101, 2),'0401945715927',21),
('Merino vuna', 'Casual', ROUND(154.014887853, 2),'0510921710644',22),
('Svila', 'Casual', ROUND(170.067686848, 2),'2810952710723',23),
('Likra', 'Bez ledja', ROUND(96.8401236636, 2),'0401945715927',24),
('Platno', 'Koktel', ROUND(184.564387675, 2),'0703929710837',25),
('Spandeks', 'Dugi rukavi', ROUND(126.274391511, 2),'2910949710133',26),
('Poliester', 'Koktel', ROUND(131.434716619, 2),'0505996715518',27),
('Svila', 'Dugi rukavi', ROUND(155.74195556, 2),'2810952710723',28),
('Akril', 'Casual', ROUND(74.2677863776, 2),'2910949710133',29),
('Merino vuna', 'Kratki rukavi', ROUND(158.626691295, 2),'0510921710644',30);

INSERT INTO Modna_revija(datum, vreme, Organizator_Osoba_jmbg, Mesto_odrzavanja_ptt) VALUES
('2015-7-8','11:40:6','2311951715610',11000),
('2010-10-11','16:22:12','2311951715610',37000),
('2009-11-17','6:25:42','0807950715509',36000),
('2011-11-3','16:15:1','0807950715509',32000),
('2006-7-22','0:29:4','0807950715509',37000),
('2010-2-25','12:38:20','1006920715727',32000),
('2016-11-22','17:47:39','1405985710807',24000),
('2011-7-16','11:2:53','0604925715447',11000),
('2016-11-23','17:47:39','1405985710807',11000),
('2011-7-12','11:2:53','0604925715447',24000);

INSERT INTO Pozivnica(tekst, Gost_Osoba_jmbg, Modna_revija_id) VALUES
('Pozivamo Vas da prisustvujete modnoj reviji','2504931715433',10),
('Pozivamo Vas da prisustvujete modnoj reviji','2712908710190',7),
('Pozivamo Vas da prisustvujete modnoj reviji','3109929715972',10),
('Pozivamo Vas da prisustvujete modnoj reviji','2904958715489',10),
('Pozivamo Vas da prisustvujete modnoj reviji','2703988710197',10),
('Pozivamo Vas da prisustvujete modnoj reviji','1509935715370',4),
('Pozivamo Vas da prisustvujete modnoj reviji','2801987715868',10),
('Pozivamo Vas da prisustvujete modnoj reviji','2705949715222',10),
('Pozivamo Vas da prisustvujete modnoj reviji','3009989715367',9),
('Pozivamo Vas da prisustvujete modnoj reviji','1304957710179',10),
('Pozivamo Vas da prisustvujete modnoj reviji','1409923715578',3),
('Pozivamo Vas da prisustvujete modnoj reviji','3012924715579',7),
('Pozivamo Vas da prisustvujete modnoj reviji','2311967710428',10),
('Pozivamo Vas da prisustvujete modnoj reviji','2902981710241',7),
('Pozivamo Vas da prisustvujete modnoj reviji','1810914715757',10),
('Pozivamo Vas da prisustvujete modnoj reviji','0103933715537',10),
('Pozivamo Vas da prisustvujete modnoj reviji','2907978715887',10),
('Pozivamo Vas da prisustvujete modnoj reviji','2606948710995',10),
('Pozivamo Vas da prisustvujete modnoj reviji','1208957710224',10),
('Pozivamo Vas da prisustvujete modnoj reviji','0601938715879',7),
('Pozivamo Vas da prisustvujete modnoj reviji','2405971710240',5),
('Pozivamo Vas da prisustvujete modnoj reviji','3103931715782',10),
('Pozivamo Vas da prisustvujete modnoj reviji','0402981710643',9),
('Pozivamo Vas da prisustvujete modnoj reviji','0301919710235',7),
('Pozivamo Vas da prisustvujete modnoj reviji','0711922710796',10),
('Pozivamo Vas da prisustvujete modnoj reviji','1012935715667',10),
('Pozivamo Vas da prisustvujete modnoj reviji','0811946715170',10),
('Pozivamo Vas da prisustvujete modnoj reviji','1609919715687',10),
('Pozivamo Vas da prisustvujete modnoj reviji','0704969715360',8),
('Pozivamo Vas da prisustvujete modnoj reviji','0505979710694',7),
('Pozivamo Vas da prisustvujete modnoj reviji','2707965710321',10),
('Pozivamo Vas da prisustvujete modnoj reviji','0710991710146',10),
('Pozivamo Vas da prisustvujete modnoj reviji','0108957715872',9),
('Pozivamo Vas da prisustvujete modnoj reviji','1305928710478',10),
('Pozivamo Vas da prisustvujete modnoj reviji','0804948715741',8),
('Pozivamo Vas da prisustvujete modnoj reviji','1910951710459',10),
('Pozivamo Vas da prisustvujete modnoj reviji','0301912710177',8),
('Pozivamo Vas da prisustvujete modnoj reviji','2103913715641',9),
('Pozivamo Vas da prisustvujete modnoj reviji','1002945715691',10),
('Pozivamo Vas da prisustvujete modnoj reviji','0102990710679',7),
('Pozivamo Vas da prisustvujete modnoj reviji','2312912715195',10),
('Pozivamo Vas da prisustvujete modnoj reviji','1709935715976',10),
('Pozivamo Vas da prisustvujete modnoj reviji','0207943715307',10),
('Pozivamo Vas da prisustvujete modnoj reviji','0409986710746',10),
('Pozivamo Vas da prisustvujete modnoj reviji','0311933715623',10),
('Pozivamo Vas da prisustvujete modnoj reviji','2106917715774',9),
('Pozivamo Vas da prisustvujete modnoj reviji','1405963710170',10),
('Pozivamo Vas da prisustvujete modnoj reviji','1008904715772',10),
('Pozivamo Vas da prisustvujete modnoj reviji','1004989715407',10),
('Pozivamo Vas da prisustvujete modnoj reviji','0909973715727',6),
('Pozivamo Vas da prisustvujete modnoj reviji','0501907715586',8),
('Pozivamo Vas da prisustvujete modnoj reviji','2604983715708',10),
('Pozivamo Vas da prisustvujete modnoj reviji','0107986710381',3),
('Pozivamo Vas da prisustvujete modnoj reviji','1902958715537',10),
('Pozivamo Vas da prisustvujete modnoj reviji','0206979715594',7),
('Pozivamo Vas da prisustvujete modnoj reviji','0812906710938',9),
('Pozivamo Vas da prisustvujete modnoj reviji','0308990715654',8),
('Pozivamo Vas da prisustvujete modnoj reviji','1406953715116',7),
('Pozivamo Vas da prisustvujete modnoj reviji','0908933715262',9),
('Pozivamo Vas da prisustvujete modnoj reviji','0307956710724',7),
('Pozivamo Vas da prisustvujete modnoj reviji','3103905710508',10),
('Pozivamo Vas da prisustvujete modnoj reviji','2710993715552',10),
('Pozivamo Vas da prisustvujete modnoj reviji','1307979715256',6),
('Pozivamo Vas da prisustvujete modnoj reviji','0803957710382',10),
('Pozivamo Vas da prisustvujete modnoj reviji','0201992710386',9),
('Pozivamo Vas da prisustvujete modnoj reviji','2602937710219',10),
('Pozivamo Vas da prisustvujete modnoj reviji','0210991715825',7),
('Pozivamo Vas da prisustvujete modnoj reviji','2306940715220',7),
('Pozivamo Vas da prisustvujete modnoj reviji','2104962715338',10),
('Pozivamo Vas da prisustvujete modnoj reviji','2911925710662',9),
('Pozivamo Vas da prisustvujete modnoj reviji','1910999710828',8),
('Pozivamo Vas da prisustvujete modnoj reviji','2804900710281',10),
('Pozivamo Vas da prisustvujete modnoj reviji','0404990710947',8),
('Pozivamo Vas da prisustvujete modnoj reviji','1711914710891',7),
('Pozivamo Vas da prisustvujete modnoj reviji','0802930710766',9),
('Pozivamo Vas da prisustvujete modnoj reviji','1508958715170',10),
('Pozivamo Vas da prisustvujete modnoj reviji','1612976715973',9),
('Pozivamo Vas da prisustvujete modnoj reviji','0903992710240',10),
('Pozivamo Vas da prisustvujete modnoj reviji','1506984715908',7),
('Pozivamo Vas da prisustvujete modnoj reviji','1510998715825',7),
('Pozivamo Vas da prisustvujete modnoj reviji','0803993715514',10),
('Pozivamo Vas da prisustvujete modnoj reviji','1102943710682',10),
('Pozivamo Vas da prisustvujete modnoj reviji','1210925710164',10),
('Pozivamo Vas da prisustvujete modnoj reviji','0209908715620',10),
('Pozivamo Vas da prisustvujete modnoj reviji','0802974710418',10),
('Pozivamo Vas da prisustvujete modnoj reviji','2107979715774',10),
('Pozivamo Vas da prisustvujete modnoj reviji','0809967710529',7),
('Pozivamo Vas da prisustvujete modnoj reviji','0309982710214',10),
('Pozivamo Vas da prisustvujete modnoj reviji','0412939710173',4),
('Pozivamo Vas da prisustvujete modnoj reviji','1106967715855',10),
('Pozivamo Vas da prisustvujete modnoj reviji','2101923710225',7),
('Pozivamo Vas da prisustvujete modnoj reviji','1201919710355',7),
('Pozivamo Vas da prisustvujete modnoj reviji','0409902715351',7),
('Pozivamo Vas da prisustvujete modnoj reviji','0112925710401',10);

INSERT INTO Unajmljuje(Modna_revija_id, `Model_Osoba_jmbg`, Honorar) VALUES
(8, '0907918715164',131),
(4, '0609972710776',928),
(7, '1102964715575',245),
(8, '0103996710750',237),
(4, '1901987715126',135),
(7, '1608926710818',493),
(9, '3103950710596',802),
(3, '0807904710514',732),
(7, '1906917710742',360),
(2, '0103996710750',825),
(5, '1901987715126',654),
(8, '1006965710416',793),
(10, '3104927715378',836),
(10, '1610923710956',674),
(2, '1610923710956',308),
(5, '1006965710416',925),
(7, '0709976710562',671),
(5, '0907918715164',520),
(8, '1901987715126',729),
(3, '2201996715877',881),
(5, '2910978715648',290),
(3, '1906917710742',899),
(2, '0908956715172',951),
(4, '2710964715606',815),
(6, '2201996715877',299),
(1, '1704944715223',400),
(1, '1906917710742',561),
(6, '1505926715109',431),
(4, '1006965710416',209),
(1, '2209975710953',287),
(4, '3111950715983',223),
(3, '1102964715575',206),
(1, '1102964715575',357),
(4, '2102985710834',693),
(10, '1704944715223',209),
(10, '2508978715333',326),
(3, '1608926710818',977),
(5, '1610923710956',197),
(9, '0204993715786',473),
(3, '2710964715606',273),
(9, '0907918715164',905),
(10, '1205965715986',539),
(7, '1803957710403',550),
(2, '0211964715901',800),
(3, '3111950715983',575),
(1, '2102985710834',680),
(7, '0906972715146',669),
(1, '0906972715146',418),
(1, '1006965710416',731),
(6, '2204956710865',110),
(4, '1906917710742',249),
(4, '1205965715986',264),
(7, '0211964715901',108),
(10, '0908956715172',953),
(7, '2102985710834',735),
(5, '2204955710200',464),
(6, '0908956715172',978),
(1, '2710964715606',393),
(4, '3104927715378',131),
(10, '3103950710596',921),
(2, '2910978715648',318),
(10, '1803957710403',883),
(2, '2508978715333',570),
(5, '0103996710750',518),
(3, '1610923710956',283),
(5, '0906972715146',988),
(8, '1608926710818',338),
(3, '0709976710562',504),
(6, '3111950715983',627),
(5, '3111950715983',199),
(7, '2204955710200',202),
(5, '0609972710776',658),
(8, '3104927715378',338),
(6, '0807904710514',384),
(8, '3103950710596',574),
(6, '1608926710818',438),
(2, '0709976710562',714),
(9, '2201996715877',571),
(5, '2102985710834',388),
(7, '0609972710776',155),
(3, '1006965710416',881),
(6, '1610923710956',772),
(3, '2508978715333',115),
(3, '2102985710834',882),
(3, '2209975710953',688),
(3, '2910978715648',134),
(1, '2910978715648',523),
(9, '0807904710514',798),
(7, '2710964715606',258),
(1, '3104927715378',547),
(9, '1704944715223',372),
(4, '2508978715333',535),
(9, '0609972710776',363),
(8, '1505926715109',326),
(3, '0907918715164',849),
(6, '0211964715901',525),
(1, '1608926710818',193),
(3, '2204956710865',654),
(5, '2201996715877',610),
(4, '0906972715146',996),
(1, '1803957710403',480),
(8, '0211964715901',989),
(2, '3111950715983',162),
(7, '1505926715109',170),
(5, '2710964715606',863),
(6, '2710964715606',230),
(6, '2204955710200',517),
(1, '0709976710562',977),
(10, '2209975710953',467),
(6, '1205965715986',536),
(2, '1608926710818',982),
(1, '2201996715877',187),
(1, '2204956710865',413),
(2, '0609972710776',457),
(7, '2209975710953',986),
(3, '0204993715786',125),
(10, '1901987715126',622),
(5, '0211964715901',236),
(8, '0908956715172',992),
(7, '1205965715986',980),
(3, '1505926715109',830),
(8, '0709976710562',396),
(2, '0807904710514',635),
(7, '1006965710416',912),
(7, '2204956710865',216),
(10, '0609972710776',841),
(6, '1704944715223',644),
(5, '1102964715575',754),
(2, '0906972715146',915),
(3, '1704944715223',167),
(5, '1803957710403',178),
(3, '1205965715986',375),
(1, '1505926715109',415),
(7, '2201996715877',337),
(4, '0908956715172',208),
(7, '0807904710514',482),
(8, '2910978715648',846),
(4, '0204993715786',600),
(10, '0103996710750',820),
(4, '1803957710403',682),
(5, '2508978715333',819),
(1, '0103996710750',245),
(10, '0709976710562',120),
(7, '0908956715172',381),
(6, '1102964715575',181),
(1, '2204955710200',677),
(1, '1610923710956',637),
(7, '0204993715786',358),
(10, '0807904710514',281),
(7, '2910978715648',280),
(9, '3104927715378',697),
(7, '3104927715378',1000),
(10, '0907918715164',851),
(2, '2209975710953',204),
(2, '2102985710834',581),
(6, '2910978715648',698),
(5, '1704944715223',469),
(10, '1608926710818',108),
(6, '2508978715333',144);

INSERT INTO Nosi(Unajmljuje_Modna_revija_id, `Unajmljuje_Model_Osoba_jmbg`, Haljina_id) VALUES
(8, '1608926710818',19),
(1, '0906972715146',83),
(2, '0103996710750',73),
(3, '1608926710818',88),
(5, '0907918715164',13),
(10, '1610923710956',52),
(1, '1906917710742',80),
(3, '1006965710416',73),
(2, '1608926710818',46),
(10, '1704944715223',34),
(8, '1006965710416',15),
(7, '0609972710776',32),
(8, '1505926715109',15),
(2, '1610923710956',18),
(8, '1901987715126',57),
(6, '0211964715901',48),
(4, '3111950715983',50),
(6, '0807904710514',28),
(8, '0211964715901',77),
(7, '0609972710776',83),
(7, '0709976710562',48),
(5, '2201996715877',22),
(7, '0908956715172',21),
(7, '0204993715786',22),
(1, '1610923710956',24),
(5, '0211964715901',14),
(10, '0908956715172',9),
(5, '1704944715223',1),
(5, '1704944715223',59),
(8, '0907918715164',2),
(8, '3103950710596',7),
(1, '2910978715648',59),
(8, '1901987715126',76),
(5, '1803957710403',6),
(2, '3111950715983',27),
(4, '0204993715786',39),
(5, '0906972715146',93),
(7, '1608926710818',62),
(6, '0211964715901',81),
(1, '1505926715109',57),
(3, '1610923710956',21),
(7, '2209975710953',75),
(7, '0908956715172',52),
(6, '1704944715223',51),
(5, '2910978715648',35),
(4, '2508978715333',68),
(10, '3103950710596',67),
(5, '2204955710200',19),
(7, '0609972710776',99),
(7, '2204955710200',44),
(2, '0609972710776',55),
(6, '1610923710956',49),
(2, '3111950715983',89),
(5, '1901987715126',82),
(10, '1704944715223',96),
(9, '2201996715877',33),
(2, '2508978715333',7),
(6, '0807904710514',47),
(6, '0908956715172',93),
(3, '2710964715606',3),
(1, '0103996710750',20),
(9, '3104927715378',33),
(3, '2201996715877',39),
(3, '1704944715223',58),
(8, '1608926710818',31),
(6, '1205965715986',40),
(6, '1608926710818',72),
(8, '1901987715126',1),
(1, '1803957710403',99),
(6, '0211964715901',66),
(7, '0807904710514',2),
(5, '1102964715575',98),
(7, '0908956715172',61),
(4, '0908956715172',97),
(2, '0908956715172',66),
(7, '0906972715146',17),
(1, '2204955710200',25),
(9, '0204993715786',31),
(3, '0907918715164',96),
(4, '1205965715986',70),
(3, '0807904710514',38),
(5, '2910978715648',52),
(3, '2204956710865',42),
(7, '1505926715109',31),
(4, '0908956715172',54),
(3, '1704944715223',27),
(3, '2204956710865',20),
(3, '1205965715986',29),
(1, '1610923710956',92),
(4, '2102985710834',11),
(5, '2910978715648',97),
(6, '1704944715223',53),
(5, '0907918715164',10),
(10, '0807904710514',14),
(1, '2710964715606',2),
(7, '0908956715172',51),
(7, '1006965710416',52),
(5, '0103996710750',98),
(5, '0609972710776',37),
(7, '2204956710865',31),
(3, '2209975710953',84),
(2, '2102985710834',6),
(4, '3104927715378',39),
(10, '2209975710953',81),
(10, '2209975710953',42),
(5, '0906972715146',29),
(8, '1006965710416',86),
(3, '0204993715786',47),
(10, '2508978715333',29),
(5, '0609972710776',83),
(5, '1901987715126',70),
(6, '1505926715109',92),
(1, '1006965710416',82),
(1, '2209975710953',5),
(6, '0908956715172',81),
(3, '2710964715606',15),
(4, '3104927715378',81),
(1, '0103996710750',8),
(1, '0709976710562',97),
(7, '0204993715786',63),
(3, '1610923710956',17),
(5, '1901987715126',18),
(7, '1803957710403',64),
(1, '1610923710956',29),
(6, '1610923710956',96),
(5, '2910978715648',92),
(9, '0807904710514',84),
(5, '2102985710834',18),
(1, '2201996715877',64),
(2, '2209975710953',68),
(3, '0807904710514',48),
(8, '1901987715126',65),
(4, '2102985710834',83),
(10, '1205965715986',74),
(8, '1505926715109',79),
(1, '2209975710953',38),
(10, '0709976710562',5),
(1, '1505926715109',14),
(3, '2710964715606',46),
(9, '3103950710596',98),
(10, '1901987715126',15),
(4, '0906972715146',56),
(6, '0211964715901',50),
(8, '0103996710750',99),
(8, '0907918715164',4),
(8, '3104927715378',24),
(9, '0807904710514',38),
(5, '1610923710956',61),
(10, '0907918715164',40),
(7, '0709976710562',71),
(4, '0908956715172',48),
(7, '0211964715901',58),
(1, '2204955710200',93),
(6, '3111950715983',4),
(4, '1901987715126',52),
(4, '2508978715333',31),
(4, '0204993715786',95),
(1, '1803957710403',2),
(5, '3111950715983',14),
(8, '1006965710416',62),
(3, '1505926715109',38),
(7, '1006965710416',94),
(4, '3104927715378',19),
(5, '2204955710200',17),
(6, '2201996715877',68),
(10, '3104927715378',65),
(6, '2204956710865',50),
(3, '2910978715648',88),
(7, '1102964715575',83),
(2, '0709976710562',71),
(3, '3111950715983',80),
(3, '2201996715877',37),
(8, '0709976710562',74),
(3, '0709976710562',40),
(4, '1006965710416',64),
(7, '1102964715575',34),
(3, '2201996715877',15),
(1, '1608926710818',49),
(1, '0906972715146',63),
(1, '1608926710818',98),
(3, '1102964715575',31),
(6, '1205965715986',22),
(3, '1610923710956',6),
(5, '2204955710200',8),
(3, '3111950715983',27),
(6, '2910978715648',88),
(6, '1610923710956',58),
(5, '1803957710403',66),
(7, '0709976710562',38),
(2, '2910978715648',95),
(3, '2508978715333',5),
(3, '0807904710514',30),
(8, '0908956715172',36),
(4, '1006965710416',97),
(5, '1610923710956',51),
(10, '0807904710514',42),
(3, '1704944715223',3),
(7, '2204956710865',33),
(8, '2910978715648',13),
(3, '1704944715223',41),
(5, '1803957710403',12),
(10, '0907918715164',47),
(5, '0609972710776',39),
(5, '2102985710834',41),
(10, '3103950710596',22),
(8, '1505926715109',10),
(10, '0609972710776',88),
(6, '2710964715606',27),
(5, '2710964715606',61),
(5, '1901987715126',56),
(6, '2201996715877',74),
(3, '2102985710834',35),
(7, '0906972715146',28),
(1, '3104927715378',54),
(4, '1006965710416',2),
(9, '2201996715877',49),
(1, '2204956710865',73),
(4, '0609972710776',35),
(10, '1608926710818',61),
(3, '2710964715606',19),
(5, '2910978715648',7),
(6, '1505926715109',94),
(6, '2204955710200',50),
(10, '0907918715164',93),
(4, '0906972715146',37),
(10, '2209975710953',24),
(5, '1901987715126',93),
(8, '2910978715648',10),
(7, '2209975710953',52),
(9, '1704944715223',41),
(10, '0807904710514',7),
(3, '2508978715333',97),
(4, '2102985710834',36),
(2, '2910978715648',22),
(2, '0211964715901',77),
(1, '1102964715575',53),
(5, '2710964715606',55),
(4, '1901987715126',84),
(4, '2508978715333',49),
(1, '1906917710742',96),
(10, '0709976710562',63),
(4, '1205965715986',65),
(5, '0211964715901',12),
(9, '0609972710776',24),
(5, '2201996715877',29),
(8, '3103950710596',85),
(2, '0908956715172',84),
(1, '2102985710834',66),
(7, '2204955710200',33),
(5, '1102964715575',15),
(3, '1006965710416',14),
(7, '1102964715575',72),
(5, '1901987715126',79),
(5, '1610923710956',1),
(10, '0908956715172',53),
(6, '1102964715575',76),
(3, '1704944715223',17),
(1, '1704944715223',32),
(7, '2204955710200',56),
(3, '1006965710416',36),
(1, '0906972715146',94),
(1, '0103996710750',19),
(8, '1006965710416',99),
(4, '1901987715126',58),
(4, '1803957710403',83),
(10, '3103950710596',91),
(3, '0709976710562',51),
(3, '2209975710953',10),
(7, '2201996715877',88),
(3, '2710964715606',90),
(6, '2910978715648',9),
(7, '2102985710834',73),
(7, '1102964715575',3),
(7, '3104927715378',36),
(10, '0609972710776',58),
(6, '3111950715983',28),
(8, '1901987715126',68),
(3, '1906917710742',20),
(6, '2201996715877',70),
(3, '2508978715333',62),
(8, '0709976710562',16),
(10, '0908956715172',60),
(4, '1901987715126',31),
(8, '3103950710596',58),
(2, '0906972715146',64),
(10, '3104927715378',41),
(6, '1608926710818',42),
(3, '2204956710865',94),
(7, '1906917710742',62),
(9, '3103950710596',57),
(3, '1205965715986',2),
(3, '1006965710416',91),
(2, '1608926710818',28),
(7, '2201996715877',75),
(10, '0907918715164',59),
(3, '1704944715223',44),
(7, '2204955710200',99),
(8, '2910978715648',44),
(3, '2102985710834',45),
(5, '1610923710956',72),
(10, '1205965715986',20),
(3, '1205965715986',50),
(2, '3111950715983',61),
(7, '1102964715575',29),
(4, '2508978715333',11),
(1, '1006965710416',22),
(10, '0609972710776',70),
(4, '3111950715983',58),
(4, '1006965710416',13),
(1, '2710964715606',32),
(1, '1704944715223',50),
(9, '1704944715223',13),
(2, '1610923710956',26),
(5, '2508978715333',57),
(3, '1505926715109',16),
(3, '1704944715223',13),
(5, '1102964715575',37),
(3, '1006965710416',80),
(2, '3111950715983',24),
(4, '1901987715126',95),
(3, '1006965710416',78),
(10, '3104927715378',30),
(7, '0211964715901',48),
(7, '0709976710562',99),
(8, '1608926710818',36),
(2, '1608926710818',73),
(2, '2209975710953',46),
(4, '0204993715786',69),
(10, '1803957710403',99),
(3, '2201996715877',98),
(4, '0906972715146',80),
(2, '0906972715146',23),
(10, '2508978715333',59),
(4, '2508978715333',37),
(3, '0807904710514',51),
(1, '3104927715378',52),
(5, '3111950715983',50),
(3, '0204993715786',35),
(7, '3104927715378',80),
(2, '0908956715172',53),
(7, '2102985710834',48),
(5, '1006965710416',42),
(2, '0211964715901',97),
(7, '2910978715648',38),
(8, '2910978715648',34),
(4, '2102985710834',34),
(2, '0906972715146',45),
(7, '1505926715109',27),
(3, '0807904710514',91),
(9, '3103950710596',38),
(1, '2209975710953',75),
(7, '0908956715172',53),
(10, '1803957710403',16),
(1, '2204955710200',47),
(1, '1704944715223',76),
(3, '2710964715606',42),
(8, '0211964715901',51),
(3, '2204956710865',34),
(10, '0609972710776',80),
(8, '1505926715109',87),
(7, '3104927715378',69),
(10, '1608926710818',8),
(1, '2201996715877',1),
(4, '2508978715333',14),
(5, '2102985710834',49),
(10, '2508978715333',13),
(6, '2508978715333',80),
(5, '1610923710956',87),
(4, '1906917710742',82),
(6, '0211964715901',91),
(1, '1505926715109',15),
(8, '0103996710750',19),
(1, '2710964715606',91),
(2, '2209975710953',27),
(10, '0908956715172',38),
(4, '0204993715786',91),
(5, '0906972715146',97),
(4, '1803957710403',29),
(9, '0609972710776',42),
(9, '0609972710776',17),
(4, '1901987715126',69),
(3, '2209975710953',92),
(6, '1704944715223',29),
(5, '2710964715606',43),
(7, '1102964715575',51),
(5, '0609972710776',27),
(9, '2201996715877',65),
(7, '1205965715986',14),
(6, '2910978715648',60),
(7, '1006965710416',72),
(8, '0211964715901',42),
(2, '2910978715648',82),
(2, '2209975710953',4),
(10, '1610923710956',97),
(10, '1704944715223',84),
(9, '2201996715877',21),
(10, '1608926710818',28),
(10, '0103996710750',7),
(6, '1610923710956',3),
(8, '0907918715164',21),
(2, '0709976710562',93),
(9, '0907918715164',73),
(6, '0211964715901',98),
(8, '2910978715648',46),
(1, '2102985710834',45),
(5, '0103996710750',99),
(2, '2209975710953',93),
(3, '1102964715575',27),
(3, '0907918715164',5),
(6, '0211964715901',46),
(10, '1704944715223',27),
(10, '2508978715333',52),
(1, '1906917710742',60),
(6, '1505926715109',44),
(5, '0906972715146',28),
(3, '2204956710865',52),
(5, '2710964715606',81),
(7, '2204955710200',31),
(5, '2201996715877',57),
(8, '3103950710596',49),
(7, '0204993715786',24),
(1, '0906972715146',84),
(10, '3103950710596',81),
(7, '2710964715606',73),
(1, '2204956710865',62),
(7, '1205965715986',92),
(10, '1901987715126',67),
(3, '3111950715983',48),
(6, '2910978715648',3),
(2, '2910978715648',51),
(2, '0906972715146',12),
(5, '0211964715901',78),
(6, '2201996715877',86),
(10, '1608926710818',72),
(10, '2508978715333',61),
(5, '2201996715877',24),
(1, '1610923710956',86),
(1, '2102985710834',65),
(7, '1006965710416',8),
(10, '1901987715126',54),
(3, '0807904710514',43),
(6, '2204955710200',26),
(2, '2102985710834',50),
(6, '2710964715606',30),
(6, '1608926710818',60),
(10, '0103996710750',68),
(10, '0709976710562',74),
(8, '0908956715172',65),
(3, '2710964715606',99),
(8, '2910978715648',28),
(6, '1205965715986',34),
(1, '0709976710562',77),
(3, '1704944715223',90),
(5, '1803957710403',63),
(7, '2710964715606',84),
(6, '0908956715172',12),
(6, '1505926715109',20),
(10, '1704944715223',20),
(5, '2910978715648',70),
(4, '1906917710742',50),
(5, '2204955710200',62),
(4, '0609972710776',6),
(2, '0103996710750',3),
(10, '2209975710953',89),
(1, '2204956710865',17),
(3, '1608926710818',18),
(1, '1803957710403',25),
(9, '0609972710776',50),
(1, '2710964715606',16),
(10, '2209975710953',39),
(4, '2508978715333',88),
(10, '3104927715378',66),
(7, '2102985710834',39),
(9, '2201996715877',32),
(5, '2201996715877',45),
(2, '0906972715146',71),
(5, '3111950715983',95),
(10, '0907918715164',82),
(6, '0807904710514',70),
(7, '0609972710776',25),
(7, '1803957710403',98),
(1, '1803957710403',98),
(1, '1505926715109',9),
(3, '1102964715575',48),
(6, '1505926715109',29),
(10, '0908956715172',90),
(3, '0204993715786',68),
(6, '0807904710514',19),
(2, '2910978715648',47),
(10, '1803957710403',25),
(5, '2204955710200',11),
(1, '1608926710818',12),
(5, '0211964715901',37),
(6, '1608926710818',4),
(1, '0709976710562',51),
(3, '0709976710562',72),
(9, '0807904710514',21),
(5, '1704944715223',97),
(10, '1901987715126',28),
(7, '0906972715146',6),
(2, '0807904710514',37),
(4, '3104927715378',75),
(1, '0103996710750',2),
(1, '1610923710956',1),
(2, '2209975710953',33),
(1, '2710964715606',82),
(8, '1608926710818',13),
(10, '3104927715378',25),
(7, '0211964715901',3),
(3, '1102964715575',5),
(7, '1906917710742',89),
(1, '1610923710956',61),
(4, '1803957710403',12),
(3, '2508978715333',37),
(4, '2710964715606',4),
(8, '0211964715901',35),
(10, '2508978715333',28),
(4, '0609972710776',44),
(7, '2204955710200',65),
(10, '3104927715378',86),
(8, '0709976710562',26),
(3, '3111950715983',69),
(3, '1102964715575',87),
(9, '0204993715786',41),
(4, '3104927715378',33),
(9, '3104927715378',42),
(3, '2201996715877',58),
(1, '2201996715877',15),
(6, '1102964715575',4),
(9, '0204993715786',90),
(8, '0709976710562',94),
(4, '2102985710834',48),
(7, '0609972710776',39),
(6, '1505926715109',9),
(7, '1006965710416',34),
(1, '2209975710953',72),
(4, '1006965710416',34),
(10, '0908956715172',64),
(8, '0103996710750',55),
(2, '0609972710776',13),
(6, '1610923710956',71),
(3, '1906917710742',28),
(4, '1803957710403',57),
(4, '2710964715606',39),
(2, '2508978715333',45),
(1, '2910978715648',2),
(2, '0908956715172',49),
(10, '1803957710403',51),
(7, '2201996715877',14),
(5, '3111950715983',72),
(10, '1901987715126',14),
(10, '3103950710596',43),
(7, '1205965715986',3),
(4, '0609972710776',86),
(1, '1006965710416',81),
(10, '1610923710956',62),
(6, '2204955710200',35),
(2, '3111950715983',17),
(7, '0906972715146',72),
(10, '0609972710776',2),
(8, '1901987715126',35),
(5, '0609972710776',50),
(4, '1205965715986',75),
(6, '0807904710514',22),
(4, '0609972710776',4),
(5, '2910978715648',46),
(6, '2204956710865',31),
(2, '2508978715333',34),
(7, '2910978715648',84),
(6, '2508978715333',94),
(8, '1608926710818',68),
(7, '1803957710403',13),
(1, '3104927715378',5),
(1, '0709976710562',14),
(4, '1205965715986',31),
(3, '0709976710562',64),
(8, '0103996710750',91),
(8, '3104927715378',16),
(10, '0609972710776',76),
(9, '0807904710514',30),
(3, '1610923710956',87),
(4, '1803957710403',85),
(4, '2710964715606',67),
(2, '0609972710776',79),
(9, '3103950710596',7),
(3, '2201996715877',14),
(7, '1803957710403',39),
(7, '2710964715606',67),
(10, '3104927715378',22),
(2, '0807904710514',79),
(3, '1610923710956',43),
(1, '0103996710750',64),
(7, '2209975710953',49),
(9, '0807904710514',69),
(5, '0103996710750',5),
(5, '1006965710416',94),
(10, '2209975710953',46),
(3, '2910978715648',81),
(2, '2102985710834',90),
(4, '1901987715126',21),
(9, '0204993715786',4),
(2, '0908956715172',61),
(7, '0204993715786',3),
(8, '0211964715901',60),
(3, '1610923710956',80),
(6, '0807904710514',95),
(2, '2209975710953',5),
(8, '0709976710562',34),
(7, '2204956710865',38),
(2, '0609972710776',84),
(4, '0204993715786',54),
(7, '1205965715986',69),
(5, '1102964715575',78),
(4, '1906917710742',18),
(6, '1704944715223',24),
(7, '0709976710562',98),
(7, '2910978715648',68),
(10, '1901987715126',60),
(3, '1608926710818',98),
(1, '1006965710416',24),
(5, '0907918715164',91),
(10, '3103950710596',24),
(8, '0211964715901',45),
(6, '2910978715648',96),
(3, '0807904710514',60),
(5, '2910978715648',58),
(3, '2508978715333',13),
(5, '1006965710416',49),
(3, '1006965710416',48),
(5, '1610923710956',11),
(1, '2204956710865',28),
(4, '1205965715986',11),
(5, '1803957710403',32),
(7, '2910978715648',31),
(7, '0609972710776',3),
(8, '0709976710562',88),
(1, '2204956710865',34),
(10, '1610923710956',95),
(1, '1102964715575',42),
(7, '1803957710403',94),
(2, '0211964715901',84),
(7, '2910978715648',81),
(3, '2508978715333',82),
(7, '0908956715172',54),
(1, '0906972715146',10),
(2, '1610923710956',5),
(3, '2910978715648',71),
(2, '0709976710562',23),
(4, '2710964715606',37),
(6, '2201996715877',56),
(7, '1608926710818',81),
(4, '2102985710834',51),
(7, '3104927715378',94),
(8, '1608926710818',73),
(7, '0807904710514',86),
(7, '0204993715786',83),
(1, '2710964715606',53),
(5, '2201996715877',40),
(4, '2710964715606',84),
(8, '1505926715109',80),
(9, '1704944715223',70),
(1, '0906972715146',95),
(3, '1505926715109',59),
(9, '3104927715378',35),
(8, '1608926710818',29),
(1, '0906972715146',69),
(9, '0204993715786',69),
(6, '1704944715223',10),
(4, '2710964715606',96),
(7, '1505926715109',24),
(4, '2508978715333',41),
(2, '1608926710818',60),
(2, '2910978715648',56),
(3, '0204993715786',65),
(5, '2204955710200',50),
(7, '1505926715109',7),
(3, '3111950715983',31),
(4, '0609972710776',60),
(10, '2209975710953',35),
(5, '0211964715901',13),
(1, '1608926710818',99),
(5, '2710964715606',57),
(7, '3104927715378',67),
(2, '1610923710956',80),
(9, '0907918715164',57),
(4, '2102985710834',13),
(6, '1505926715109',85),
(4, '0906972715146',40),
(2, '1608926710818',27),
(1, '1006965710416',66),
(3, '1608926710818',41),
(9, '0807904710514',54),
(9, '1704944715223',34),
(7, '1102964715575',37),
(2, '2508978715333',4),
(3, '2201996715877',12),
(3, '0807904710514',86),
(9, '0204993715786',84),
(8, '1901987715126',42),
(5, '0907918715164',46),
(1, '2201996715877',51),
(3, '0907918715164',2),
(5, '1610923710956',97),
(5, '0907918715164',64),
(7, '0906972715146',42),
(10, '3103950710596',21),
(5, '1006965710416',92),
(5, '2508978715333',36),
(4, '1006965710416',14),
(1, '0103996710750',58),
(1, '1505926715109',38),
(10, '1803957710403',41),
(1, '0709976710562',25),
(10, '0807904710514',45),
(4, '0906972715146',33);

INSERT INTO Sredjuje(Unajmljuje_Modna_revija_id, `Unajmljuje_Model_Osoba_jmbg`, Pomocno_osoblje_Osoba_jmbg) VALUES
(1, '1102964715575','1501992710624'),
(3, '1610923710956','0310903715142'),
(4, '3104927715378','2803912710935'),
(7, '2204956710865','0909949715372'),
(1, '1608926710818','1811988715623'),
(6, '1102964715575','0310903715142'),
(2, '0211964715901','2706930715964'),
(5, '3111950715983','0310903715142'),
(5, '0609972710776','1511940710536'),
(4, '2710964715606','0909949715372'),
(2, '2910978715648','1009939715880'),
(1, '1505926715109','1801939715127'),
(7, '1608926710818','1407971715531'),
(10, '1610923710956','1903926710200'),
(9, '3104927715378','2209998715599'),
(8, '1505926715109','1204908715176'),
(6, '2201996715877','0310903715142'),
(7, '2201996715877','1801939715127'),
(7, '2201996715877','1009939715880'),
(7, '0807904710514','2803912710935'),
(3, '3111950715983','1809931715788'),
(3, '0907918715164','1201956710129'),
(9, '3104927715378','1201956710129'),
(7, '1608926710818','0909949715372'),
(3, '2710964715606','0607930715515'),
(3, '0907918715164','1511940710536'),
(5, '2204955710200','3009989710326'),
(3, '2209975710953','1811988715623'),
(8, '1901987715126','0909949715372'),
(1, '1610923710956','0909979715668'),
(1, '0709976710562','1501992710624'),
(1, '2710964715606','1902924710727'),
(5, '1102964715575','1902924710727'),
(2, '0103996710750','1010986710587'),
(3, '1102964715575','1801939715127'),
(7, '1102964715575','3009989710326'),
(10, '0907918715164','3009989710326'),
(6, '0211964715901','1501992710624'),
(3, '2910978715648','2706930715964'),
(3, '2201996715877','1407971715531'),
(2, '2910978715648','1801939715127'),
(6, '2204955710200','1801939715127'),
(8, '1505926715109','2706930715964'),
(6, '2204955710200','1806905710351'),
(10, '0609972710776','2706930715964'),
(3, '1906917710742','3009989710326'),
(2, '0211964715901','0310903715142'),
(4, '3111950715983','0310903715142'),
(5, '1006965710416','1511940710536'),
(3, '1704944715223','1201956710129'),
(10, '0907918715164','1204908715176'),
(8, '1901987715126','1806905710351'),
(6, '2204955710200','2209998715599'),
(6, '1704944715223','1010986710587'),
(8, '0103996710750','1809931715788'),
(7, '0908956715172','0706975710356'),
(1, '0103996710750','0607930715515'),
(8, '1608926710818','1903926710200'),
(8, '3104927715378','2209998715599'),
(10, '0609972710776','0310903715142'),
(1, '1006965710416','1010986710587'),
(7, '3104927715378','1407971715531'),
(3, '2508978715333','0706975710356'),
(4, '1803957710403','0203931710435'),
(1, '1608926710818','3009989710326'),
(9, '0907918715164','1809931715788'),
(1, '2710964715606','3009989710326'),
(4, '2508978715333','1811988715623'),
(9, '0807904710514','1801939715127'),
(2, '2102985710834','0706975710356'),
(5, '0906972715146','3009989710326'),
(7, '2710964715606','1902924710727'),
(7, '2201996715877','0909979715668'),
(6, '1205965715986','0208956710116'),
(4, '1006965710416','2112991715811'),
(1, '2204955710200','1801939715127'),
(6, '1608926710818','1201956710129'),
(3, '0204993715786','1903926710200'),
(10, '2508978715333','2112991715811'),
(4, '2710964715606','2209998715599'),
(7, '0906972715146','2803912710935'),
(10, '1205965715986','0203931710435'),
(6, '2204955710200','2112991715811'),
(10, '2209975710953','1801939715127'),
(7, '1906917710742','0203931710435'),
(6, '0211964715901','1407971715531'),
(10, '1803957710403','1809931715788'),
(6, '1610923710956','1407971715531'),
(10, '0907918715164','2706930715964'),
(3, '1610923710956','1806905710351'),
(5, '0211964715901','1809931715788'),
(8, '0908956715172','0208956710116'),
(6, '2508978715333','1801939715127'),
(3, '2710964715606','1204908715176'),
(7, '2204955710200','1806905710351'),
(7, '1803957710403','0706975710356'),
(6, '0211964715901','0607930715515'),
(10, '0807904710514','2706930715964'),
(7, '0609972710776','0909979715668'),
(7, '1505926715109','1009939715880'),
(1, '2209975710953','2803912710935'),
(7, '0609972710776','1811988715623'),
(10, '1610923710956','1009939715880'),
(6, '1610923710956','1204908715176'),
(7, '0709976710562','1903926710200'),
(8, '0709976710562','2112991715811'),
(8, '1505926715109','0909949715372'),
(6, '1505926715109','1009939715880'),
(3, '0204993715786','1407971715531'),
(10, '2209975710953','0310903715142'),
(1, '1803957710403','0909979715668'),
(3, '1006965710416','1903926710200'),
(5, '0906972715146','1511940710536'),
(2, '0103996710750','0909979715668'),
(1, '3104927715378','0909979715668'),
(3, '2201996715877','1201956710129'),
(5, '2102985710834','0203931710435'),
(9, '1704944715223','1009939715880'),
(1, '1704944715223','0607930715515'),
(1, '1610923710956','0604932715687'),
(9, '3104927715378','0909949715372'),
(7, '2204956710865','0203931710435'),
(10, '1608926710818','1903926710200'),
(7, '0609972710776','0310903715142'),
(6, '3111950715983','1501992710624'),
(1, '2204956710865','1201956710129'),
(4, '1901987715126','2706930715964'),
(8, '1006965710416','0909949715372'),
(2, '0906972715146','0203931710435'),
(8, '0709976710562','1811988715623'),
(5, '0609972710776','1201956710129'),
(3, '1608926710818','1501992710624'),
(5, '2508978715333','1801939715127'),
(3, '1608926710818','0607930715515'),
(10, '1704944715223','0208956710116'),
(8, '0908956715172','1806905710351'),
(10, '0908956715172','0208956710116'),
(7, '1608926710818','2803912710935'),
(1, '1505926715109','2803912710935'),
(5, '2204955710200','0607930715515'),
(5, '1803957710403','2803912710935'),
(2, '0906972715146','1902924710727'),
(4, '1803957710403','1806905710351'),
(1, '1505926715109','1009939715880'),
(7, '0906972715146','1811988715623'),
(4, '0908956715172','1204908715176'),
(3, '1610923710956','0909979715668'),
(2, '0609972710776','0203931710435'),
(2, '0211964715901','1407971715531'),
(10, '1610923710956','1511940710536'),
(9, '0609972710776','0208956710116'),
(10, '0807904710514','2209998715599'),
(3, '1505926715109','0310903715142'),
(3, '2102985710834','1902924710727'),
(6, '3111950715983','1204908715176'),
(10, '0908956715172','1501992710624'),
(3, '1102964715575','3009989710326'),
(2, '0609972710776','0909949715372'),
(6, '2910978715648','0208956710116'),
(1, '2204956710865','1902924710727'),
(9, '2201996715877','1811988715623'),
(5, '3111950715983','0706975710356'),
(9, '0204993715786','1809931715788'),
(5, '3111950715983','1204908715176'),
(9, '0609972710776','1407971715531'),
(8, '2910978715648','0208956710116'),
(7, '0906972715146','2112991715811'),
(3, '2201996715877','0604932715687'),
(1, '1102964715575','2706930715964'),
(9, '3103950710596','0208956710116'),
(5, '2508978715333','1501992710624'),
(3, '0709976710562','0706975710356'),
(7, '2204956710865','1902924710727'),
(10, '1704944715223','0203931710435'),
(2, '0807904710514','1902924710727'),
(2, '1610923710956','2803912710935'),
(4, '3111950715983','1407971715531'),
(4, '2508978715333','1009939715880'),
(10, '2209975710953','3009989710326'),
(7, '1102964715575','2803912710935'),
(4, '0609972710776','0604932715687'),
(8, '0103996710750','0706975710356'),
(3, '2710964715606','1201956710129'),
(6, '2508978715333','1809931715788'),
(3, '2209975710953','1407971715531'),
(8, '1505926715109','0203931710435'),
(5, '1006965710416','0203931710435'),
(3, '0907918715164','1501992710624'),
(6, '1610923710956','1903926710200'),
(6, '1205965715986','0604932715687'),
(1, '2710964715606','0706975710356'),
(3, '0709976710562','0607930715515'),
(9, '0204993715786','1811988715623'),
(2, '2102985710834','1201956710129'),
(10, '1803957710403','1903926710200'),
(3, '2710964715606','0604932715687'),
(4, '0609972710776','0310903715142'),
(1, '1505926715109','1511940710536'),
(3, '2508978715333','3009989710326'),
(6, '2204956710865','0909979715668'),
(1, '1102964715575','0310903715142'),
(5, '1704944715223','1809931715788'),
(9, '0807904710514','1501992710624'),
(1, '1704944715223','1801939715127'),
(7, '2102985710834','1809931715788'),
(8, '0211964715901','2706930715964'),
(7, '0709976710562','0208956710116'),
(6, '3111950715983','0706975710356'),
(1, '2204955710200','0604932715687'),
(10, '1608926710818','0909949715372'),
(1, '2209975710953','1806905710351'),
(3, '2201996715877','1511940710536'),
(3, '1102964715575','1809931715788'),
(2, '0908956715172','1806905710351'),
(10, '1901987715126','0604932715687'),
(1, '1505926715109','1204908715176'),
(7, '1102964715575','0706975710356'),
(5, '1006965710416','0310903715142'),
(6, '2710964715606','0706975710356'),
(7, '1906917710742','1501992710624'),
(5, '3111950715983','1902924710727'),
(10, '2508978715333','1809931715788'),
(7, '1205965715986','1811988715623'),
(7, '0211964715901','0604932715687'),
(10, '2508978715333','0208956710116'),
(6, '2201996715877','0203931710435'),
(4, '1205965715986','1511940710536'),
(3, '2508978715333','0208956710116'),
(8, '0709976710562','1806905710351'),
(5, '1901987715126','1511940710536'),
(5, '0906972715146','1201956710129'),
(1, '2102985710834','1204908715176'),
(2, '0709976710562','1809931715788'),
(8, '0211964715901','1009939715880'),
(6, '0908956715172','1902924710727'),
(9, '0907918715164','1801939715127'),
(3, '1610923710956','1511940710536'),
(9, '3104927715378','0607930715515'),
(5, '1704944715223','1902924710727'),
(9, '3104927715378','0203931710435'),
(2, '0609972710776','3009989710326'),
(8, '3103950710596','0604932715687'),
(3, '2204956710865','1903926710200'),
(3, '1205965715986','0909979715668'),
(5, '0907918715164','2706930715964'),
(7, '2710964715606','1903926710200'),
(6, '2710964715606','1801939715127'),
(3, '1906917710742','0607930715515'),
(4, '1205965715986','0706975710356'),
(6, '1205965715986','2706930715964'),
(1, '0906972715146','0706975710356'),
(9, '0907918715164','0310903715142'),
(6, '1610923710956','1511940710536'),
(1, '1006965710416','1511940710536'),
(2, '0906972715146','2706930715964'),
(4, '1803957710403','0310903715142'),
(4, '1901987715126','1801939715127'),
(8, '0211964715901','0706975710356'),
(7, '1608926710818','1811988715623'),
(1, '1608926710818','1809931715788'),
(3, '1505926715109','1811988715623'),
(2, '0908956715172','0208956710116'),
(10, '0709976710562','1204908715176'),
(10, '1704944715223','0909979715668'),
(8, '2910978715648','1204908715176'),
(3, '0907918715164','1010986710587'),
(9, '0807904710514','0909979715668'),
(4, '0908956715172','1809931715788'),
(4, '3111950715983','1501992710624'),
(4, '1901987715126','1809931715788'),
(2, '0211964715901','1809931715788'),
(6, '2204956710865','1902924710727'),
(1, '1608926710818','1902924710727'),
(7, '2201996715877','0909949715372'),
(4, '0906972715146','2112991715811'),
(3, '0204993715786','0909979715668'),
(7, '0204993715786','0909979715668'),
(1, '0103996710750','0203931710435'),
(10, '3104927715378','1407971715531'),
(2, '2910978715648','2209998715599'),
(1, '2209975710953','1801939715127'),
(5, '0211964715901','2209998715599'),
(6, '2710964715606','2706930715964'),
(3, '2508978715333','1806905710351'),
(6, '2508978715333','0909979715668'),
(4, '2710964715606','0909979715668'),
(1, '1610923710956','2209998715599'),
(8, '3103950710596','1809931715788'),
(5, '2710964715606','0607930715515'),
(3, '1704944715223','1511940710536'),
(7, '1803957710403','1407971715531'),
(10, '0908956715172','3009989710326'),
(3, '2508978715333','1902924710727'),
(7, '2910978715648','2706930715964'),
(3, '1205965715986','3009989710326'),
(10, '1803957710403','1811988715623'),
(6, '1205965715986','1809931715788'),
(9, '0609972710776','1511940710536'),
(10, '2209975710953','1204908715176'),
(7, '2710964715606','0208956710116'),
(8, '1505926715109','0706975710356'),
(7, '0204993715786','1511940710536'),
(7, '0807904710514','1010986710587'),
(7, '2102985710834','0909979715668'),
(3, '2102985710834','2209998715599'),
(4, '0906972715146','1009939715880'),
(4, '0609972710776','2209998715599'),
(5, '1610923710956','0208956710116'),
(3, '1704944715223','1806905710351'),
(10, '0709976710562','2209998715599'),
(1, '2910978715648','0706975710356'),
(7, '1906917710742','1204908715176'),
(5, '2910978715648','3009989710326'),
(2, '0709976710562','1903926710200'),
(1, '1906917710742','2112991715811'),
(6, '1610923710956','2112991715811'),
(1, '1102964715575','1010986710587'),
(8, '0709976710562','2209998715599'),
(3, '2102985710834','1811988715623'),
(4, '3111950715983','2706930715964'),
(8, '3103950710596','2209998715599'),
(3, '0709976710562','1801939715127'),
(6, '1608926710818','2112991715811'),
(2, '0103996710750','1511940710536'),
(3, '2201996715877','2209998715599'),
(1, '2204956710865','0909949715372'),
(6, '1505926715109','3009989710326'),
(4, '3104927715378','1501992710624'),
(2, '0908956715172','1204908715176'),
(2, '0609972710776','0706975710356'),
(6, '0908956715172','0706975710356'),
(4, '2102985710834','2209998715599'),
(1, '2204956710865','3009989710326'),
(1, '1704944715223','2803912710935'),
(10, '0908956715172','0909949715372'),
(9, '0204993715786','0208956710116'),
(9, '0807904710514','1806905710351'),
(5, '1704944715223','1801939715127'),
(5, '2102985710834','2706930715964'),
(7, '1803957710403','1801939715127'),
(4, '1906917710742','0909979715668'),
(4, '3104927715378','2706930715964'),
(10, '2508978715333','0604932715687'),
(8, '0908956715172','1407971715531'),
(6, '1205965715986','1010986710587'),
(5, '1704944715223','2112991715811'),
(1, '2204956710865','2209998715599'),
(8, '0907918715164','1204908715176'),
(5, '2102985710834','0909949715372'),
(7, '0211964715901','0208956710116'),
(5, '2710964715606','1809931715788'),
(8, '0709976710562','1902924710727'),
(5, '2508978715333','0310903715142'),
(10, '0709976710562','1201956710129'),
(7, '1803957710403','2706930715964'),
(7, '0908956715172','0203931710435'),
(3, '0907918715164','1806905710351'),
(7, '2209975710953','0607930715515'),
(1, '2910978715648','0604932715687'),
(6, '0807904710514','1010986710587'),
(5, '3111950715983','1201956710129'),
(8, '0907918715164','3009989710326'),
(7, '1505926715109','0310903715142'),
(10, '1610923710956','2209998715599'),
(6, '1102964715575','2112991715811'),
(6, '1102964715575','2209998715599'),
(6, '0211964715901','1902924710727'),
(6, '0211964715901','2803912710935'),
(5, '1803957710403','1806905710351'),
(6, '1102964715575','0607930715515'),
(6, '2910978715648','2803912710935'),
(6, '1704944715223','1501992710624'),
(3, '0709976710562','1204908715176'),
(7, '2102985710834','2209998715599'),
(5, '1901987715126','0208956710116'),
(5, '2201996715877','0208956710116'),
(7, '3104927715378','2803912710935'),
(3, '2201996715877','2112991715811'),
(8, '0211964715901','0208956710116'),
(6, '2508978715333','0706975710356'),
(4, '2508978715333','1010986710587'),
(3, '0807904710514','1201956710129'),
(5, '0609972710776','1204908715176'),
(4, '1901987715126','1201956710129'),
(5, '1901987715126','1407971715531'),
(7, '2102985710834','1009939715880'),
(1, '0103996710750','1811988715623'),
(6, '0807904710514','0607930715515'),
(7, '1505926715109','0203931710435'),
(3, '0807904710514','0604932715687'),
(2, '2209975710953','0310903715142'),
(2, '0709976710562','2706930715964'),
(3, '2102985710834','0706975710356'),
(1, '1505926715109','0909979715668'),
(7, '0609972710776','1201956710129'),
(3, '1102964715575','1204908715176'),
(3, '1006965710416','1902924710727'),
(7, '1205965715986','1809931715788'),
(7, '0906972715146','1204908715176'),
(7, '2710964715606','0909949715372'),
(9, '3103950710596','1010986710587'),
(4, '2710964715606','2803912710935'),
(3, '1608926710818','0203931710435'),
(2, '3111950715983','1801939715127'),
(8, '3103950710596','0607930715515'),
(8, '0908956715172','1809931715788'),
(7, '0709976710562','0203931710435'),
(1, '1610923710956','2803912710935'),
(2, '0906972715146','1809931715788'),
(1, '2209975710953','1010986710587'),
(2, '0807904710514','1809931715788'),
(2, '0807904710514','1806905710351'),
(7, '2710964715606','1811988715623'),
(10, '0709976710562','1009939715880'),
(4, '2102985710834','1806905710351'),
(8, '1006965710416','2803912710935'),
(2, '1610923710956','1204908715176'),
(5, '1006965710416','1501992710624'),
(3, '1505926715109','1204908715176'),
(4, '1803957710403','1501992710624'),
(3, '1608926710818','2803912710935'),
(5, '2201996715877','3009989710326'),
(3, '3111950715983','1010986710587'),
(3, '0807904710514','1806905710351'),
(10, '3104927715378','1809931715788'),
(10, '1704944715223','0310903715142'),
(5, '1901987715126','1806905710351'),
(7, '0204993715786','2706930715964'),
(10, '3103950710596','2209998715599'),
(4, '1906917710742','1201956710129'),
(7, '2209975710953','1204908715176'),
(10, '1610923710956','1806905710351'),
(7, '1006965710416','1801939715127'),
(6, '3111950715983','1811988715623'),
(5, '0907918715164','1407971715531'),
(10, '0103996710750','0607930715515'),
(7, '1006965710416','1902924710727'),
(5, '0609972710776','0909979715668'),
(4, '2102985710834','1010986710587'),
(3, '1505926715109','0208956710116'),
(6, '0807904710514','1407971715531'),
(3, '0709976710562','1201956710129'),
(4, '0204993715786','1010986710587'),
(6, '1205965715986','0909949715372'),
(1, '1610923710956','3009989710326'),
(4, '0204993715786','1809931715788'),
(4, '1205965715986','1501992710624'),
(1, '1102964715575','0706975710356'),
(8, '0103996710750','1010986710587'),
(10, '1901987715126','1809931715788'),
(5, '2710964715606','1201956710129'),
(6, '0908956715172','2803912710935'),
(1, '1803957710403','1204908715176'),
(3, '2204956710865','1009939715880'),
(5, '2710964715606','2706930715964'),
(10, '0907918715164','1902924710727'),
(10, '0908956715172','0604932715687'),
(3, '1906917710742','0706975710356'),
(10, '3103950710596','1010986710587'),
(4, '3104927715378','1811988715623'),
(5, '3111950715983','2706930715964'),
(5, '0103996710750','0607930715515'),
(4, '3111950715983','2803912710935'),
(5, '1610923710956','3009989710326'),
(6, '1610923710956','1902924710727'),
(4, '3111950715983','2209998715599'),
(5, '0609972710776','1902924710727'),
(4, '1006965710416','1407971715531'),
(10, '0907918715164','1201956710129'),
(2, '2209975710953','0607930715515'),
(7, '1006965710416','1903926710200'),
(8, '1006965710416','3009989710326'),
(7, '1205965715986','1806905710351'),
(6, '0807904710514','1201956710129'),
(10, '1901987715126','1811988715623'),
(2, '0211964715901','0909979715668'),
(1, '2710964715606','0310903715142'),
(1, '0906972715146','0203931710435'),
(3, '0204993715786','0909949715372'),
(1, '1006965710416','2706930715964'),
(8, '0103996710750','2112991715811'),
(5, '0906972715146','1204908715176'),
(2, '3111950715983','0203931710435'),
(7, '0807904710514','2112991715811'),
(1, '2201996715877','0607930715515'),
(9, '0204993715786','2803912710935'),
(1, '0709976710562','1902924710727'),
(5, '1704944715223','3009989710326'),
(5, '2204955710200','1903926710200'),
(7, '0609972710776','0909949715372'),
(7, '0908956715172','1204908715176'),
(5, '0103996710750','0310903715142'),
(6, '2910978715648','0909979715668'),
(4, '1006965710416','1204908715176'),
(10, '1205965715986','2209998715599'),
(10, '1205965715986','0909979715668'),
(6, '2508978715333','1010986710587'),
(5, '2204955710200','1010986710587'),
(7, '0906972715146','1501992710624'),
(1, '1906917710742','1806905710351'),
(5, '1704944715223','1204908715176'),
(3, '2910978715648','1902924710727'),
(5, '2204955710200','1811988715623'),
(7, '0204993715786','1010986710587'),
(3, '2209975710953','2803912710935'),
(8, '1505926715109','0310903715142'),
(2, '2209975710953','1204908715176'),
(4, '0609972710776','2706930715964'),
(7, '0908956715172','2706930715964'),
(2, '0908956715172','1902924710727'),
(10, '0609972710776','0203931710435'),
(5, '2102985710834','0706975710356'),
(2, '0908956715172','2112991715811'),
(10, '1901987715126','1902924710727'),
(7, '2204956710865','1806905710351'),
(7, '2910978715648','1501992710624'),
(4, '0908956715172','0203931710435'),
(7, '0709976710562','1806905710351'),
(1, '2209975710953','1201956710129'),
(7, '0807904710514','0310903715142'),
(6, '0807904710514','1204908715176'),
(7, '1803957710403','1009939715880'),
(6, '2508978715333','1204908715176'),
(2, '0807904710514','1501992710624'),
(3, '1006965710416','1501992710624'),
(2, '2508978715333','1204908715176'),
(1, '0709976710562','1201956710129'),
(3, '0807904710514','1204908715176'),
(5, '0103996710750','1811988715623'),
(10, '1901987715126','1806905710351'),
(10, '3103950710596','1201956710129'),
(7, '2201996715877','0208956710116'),
(8, '3104927715378','0310903715142'),
(9, '0204993715786','0203931710435'),
(10, '0103996710750','2706930715964'),
(5, '1102964715575','1903926710200'),
(10, '1205965715986','1010986710587'),
(4, '1006965710416','0203931710435'),
(3, '0907918715164','0706975710356'),
(7, '1006965710416','0203931710435'),
(8, '1901987715126','1902924710727'),
(7, '1102964715575','0909979715668'),
(10, '2209975710953','2112991715811'),
(3, '1608926710818','1811988715623'),
(6, '1102964715575','1806905710351'),
(5, '2102985710834','1811988715623'),
(1, '1803957710403','1811988715623'),
(5, '1704944715223','1407971715531'),
(10, '3104927715378','1902924710727'),
(1, '1803957710403','2803912710935'),
(1, '2204955710200','0909979715668'),
(5, '1102964715575','0604932715687'),
(10, '3103950710596','0203931710435'),
(4, '2102985710834','1407971715531'),
(10, '1901987715126','1201956710129'),
(2, '2910978715648','3009989710326'),
(7, '1006965710416','2803912710935'),
(3, '2204956710865','1511940710536'),
(1, '2204955710200','0310903715142'),
(3, '0807904710514','1009939715880'),
(9, '0807904710514','1902924710727'),
(2, '3111950715983','2112991715811'),
(6, '1704944715223','0203931710435'),
(5, '2201996715877','0607930715515'),
(1, '2201996715877','2112991715811'),
(5, '0907918715164','0604932715687'),
(5, '1102964715575','1201956710129'),
(5, '0609972710776','2209998715599'),
(1, '1704944715223','1809931715788'),
(8, '0211964715901','1902924710727'),
(6, '1608926710818','1407971715531'),
(10, '1704944715223','0706975710356'),
(5, '1610923710956','1407971715531'),
(7, '1608926710818','1010986710587'),
(5, '1901987715126','0203931710435'),
(7, '2710964715606','1204908715176'),
(1, '2201996715877','0706975710356'),
(5, '0907918715164','2209998715599'),
(8, '2910978715648','2803912710935'),
(1, '1608926710818','2209998715599'),
(10, '2209975710953','1511940710536'),
(1, '3104927715378','0909949715372'),
(7, '1906917710742','2209998715599'),
(6, '1505926715109','1201956710129'),
(7, '2204955710200','1010986710587'),
(8, '1608926710818','2706930715964'),
(9, '1704944715223','0607930715515'),
(5, '2910978715648','0909979715668'),
(4, '1906917710742','0607930715515'),
(6, '0211964715901','1010986710587'),
(5, '2710964715606','2209998715599'),
(2, '1608926710818','0604932715687'),
(10, '1704944715223','2112991715811'),
(3, '1906917710742','1009939715880'),
(4, '1205965715986','0203931710435'),
(1, '2201996715877','1811988715623'),
(8, '1006965710416','0203931710435'),
(10, '2508978715333','0909949715372'),
(10, '0103996710750','1903926710200'),
(5, '1610923710956','0909949715372'),
(10, '0908956715172','2112991715811'),
(3, '3111950715983','1204908715176'),
(2, '0906972715146','1204908715176'),
(2, '1608926710818','1201956710129'),
(8, '0103996710750','1009939715880'),
(6, '1505926715109','0909949715372'),
(2, '2910978715648','1201956710129'),
(10, '0103996710750','1010986710587'),
(7, '0709976710562','1511940710536'),
(6, '1704944715223','2803912710935'),
(2, '0609972710776','1009939715880'),
(1, '2204956710865','1903926710200'),
(1, '1704944715223','1201956710129'),
(10, '1610923710956','1801939715127'),
(6, '1102964715575','0909979715668'),
(5, '2204955710200','1902924710727'),
(2, '2209975710953','1801939715127'),
(10, '1803957710403','1511940710536'),
(3, '2910978715648','2209998715599'),
(1, '0103996710750','2209998715599'),
(1, '0103996710750','3009989710326'),
(2, '2910978715648','1806905710351'),
(5, '0907918715164','0607930715515'),
(9, '0204993715786','0909949715372'),
(5, '1006965710416','2112991715811'),
(1, '2910978715648','2112991715811'),
(2, '1608926710818','2706930715964'),
(2, '2508978715333','0706975710356'),
(6, '1704944715223','1407971715531'),
(5, '1704944715223','1009939715880'),
(4, '0609972710776','1201956710129'),
(3, '1006965710416','1201956710129'),
(5, '2201996715877','1010986710587'),
(8, '1505926715109','1806905710351'),
(6, '2204956710865','1903926710200'),
(5, '1610923710956','1511940710536'),
(3, '2204956710865','0607930715515');